patient,images
TF100_CS39,0
TF101_233,0
TF102_234,0
TF103_235,0
TF104_240,0
TF105_245,0
TF106_246,0
TF107_249,0
TF108_256,0
TF109_258,0
TF10_C65P26,0
TF110_270,0
TF111_238,0
TF112_CJ10,0
TF113_CJ15,0
TF114_SC518,0
TF115_SC566,0
TF116_SC528,0
TF117_R1,0
TF118_1532,0
TF119_1536,0
TF11_C66P27,0
TF120_1552,0
TF121_1581,0
TF122_1533R,0
TF123_1542,0
TF124_S540,0
TF125_S537,0
TF126_S536,0
TF127_W14_62,0
TF128_S503,0
TF129_S535,0
TF12_C67P28N,0
TF130_S521,0
TF131_S532,0
TF132_S527,0
TF133_SW322,0
TF134_US28,0
TF135_US14,0
TF136_R2,0
TF137_US8,0
TF138_R3,0
TF139_US23,0
TF13_C71P32,0
TF140_UT6,0
TF141_CT12,0
TF142_US27,0
TF143_CT4,0
TF144_CT40,0
TF145_US14,0
TF146_CT12,0
TF147_R3,0
TF148_CS22,0
TF149_R4,0
TF14_C86P47,0
TF150_R5,0
TF15_C87P48,0
TF16_C88P49,0
TF17_C90P51,0
TF18_C92P53,0
TF19_C94P55,0
TF1N_1522,0
TF20_C83P44,0
TF21_C105P66,0
TF22_C104P65,0
TF23_C108P69,0
TF24_C67P28,0
TF25_15_1_52,0
TF26_15_33,0
TF27_W14B8A,0
TF28W13B15A,0
TF29_15_1_36,0
TF2N_159R,0
TF30_W13B1,0
TF31_Sc440,0
TF32_Sc566,0
TF33_Sc570,0
TF34_Sc520,0
TF35_Sc521,0
TF36_Sc542,0
TF37_Sc563,0
TF38_CT1,0
TF39_CT2,0
TF3N_536,0
TF40_UT3,0
TF41_UT5,0
TF42_UT6,0
TF43_UW2,0
TF44_UW16,0
TF45_UW18,0
TF46_UW23,0
TF47_UW29,0
TF48_UW31,0
TF49_CW3,0
TF4N_1542,0
TF50_CW22,0
TF51_CW32,0
TF52_CW36,0
TF53_CW41,0
TF54_CW43,0
TF55_CV4,0
TF56_CV8,0
TF57_CV11,0
TF58_UT8,0
TF59_159,0
TF5N_535,0
TF60_15_18,0
TF61_CS20,0
TF62_CS23,0
TF63_CS25,0
TF64_US2,0
TF65_CS33,0
TF66_CS39,0
TF67_US14,0
TF68_TS4,0
TF69_CS7,0
TF6N_527,0
TF70_Scr440,0
TF71_Scr559,0
TF72_Scr560,0
TF73_Scr538,0
TF74_Scr561,0
TF75_CO7,0
TF76_CO12,0
TF77_CO15,0
TF78_CO17,0
TF79_15_36,0
TF7_C49P10,0
TF80_W13B3,0
TF81_W8B5,0
TF82_15_1_9,0
TF83_BD2_97,0
TF84_BD2_96,0
TF85_BD2_94,0
TF86_BD2_93,0
TF87_15105A,0
TF88_W14B32,0
TF89_CM5,0
TF8_C58P19,0
TF90_15_60,0
TF91_15_9A,0
TF92_203,0
TF93_209,0
TF94_210,0
TF95_223,0
TF96_US27,0
TF97_CS31,0
TF98_CT12,0
TF99_CS40,0
TF9_C64P25,0
